,ad_code,ad_name,lowest_ad_name
0,4113100000,경기도 성남시 수정구,성남시 수정구
1,4421000000,충청남도 서산시,서산시
2,4725000000,경상북도 상주시,상주시
3,4723000000,경상북도 영천시,영천시
4,4711300000,경상북도 포항시 북구,포항시 북구
5,4159000000,경기도 화성시,화성시
6,4882000000,경상남도 고성군,고성군
7,4719000000,경상북도 구미시,구미시
8,4313000000,충청북도 충주시,충주시
9,4300000000,충청북도,충청북도
10,4373000000,충청북도 옥천군,옥천군
11,4119000000,경기도 부천시,부천시
12,4117100000,경기도 안양시 만안구,안양시 만안구
13,4476000000,충청남도 부여군,부여군
14,1121500000,서울특별시 광진구,광진구
15,2617000000,부산광역시 동구,동구
16,1126000000,서울특별시 중랑구,중랑구
17,2671000000,부산광역시 기장군,기장군
18,3014000000,대전광역시 중구,중구
19,4117300000,경기도 안양시 동안구,안양시 동안구
20,4117000000,경기도 안양시,안양시
21,4613000000,전라남도 여수시,여수시
22,4423000000,충청남도 논산시,논산시
23,2620000000,부산광역시 영도구,영도구
24,3017000000,대전광역시 서구,서구
25,2644000000,부산광역시 강서구,강서구
26,2653000000,부산광역시 사상구,사상구
27,1154500000,서울특별시 금천구,금천구
28,4817000000,경상남도 진주시,진주시
29,1100000000,서울특별시,서울특별시
30,1111000000,서울특별시 종로구,종로구
31,1114000000,서울특별시 중구,중구
32,4128000000,경기도 고양시,고양시
33,4679000000,전라남도 화순군,화순군
34,1150000000,서울특별시 강서구,강서구
35,4824000000,경상남도 사천시,사천시
36,1147000000,서울특별시 양천구,양천구
37,1130500000,서울특별시 강북구,강북구
38,3011000000,대전광역시 동구,동구
39,4721000000,경상북도 영주시,영주시
40,2647000000,부산광역시 연제구,연제구
41,1132000000,서울특별시 도봉구,도봉구
42,1144000000,서울특별시 마포구,마포구
43,1162000000,서울특별시 관악구,관악구
44,4678000000,전라남도 보성군,보성군
45,4100000000,경기도,경기도
46,4122000000,경기도 평택시,평택시
47,4728000000,경상북도 문경시,문경시
48,2600000000,부산광역시,부산광역시
49,2611000000,부산광역시 중구,중구
50,1120000000,서울특별시 성동구,성동구
51,1117000000,서울특별시 용산구,용산구
52,1129000000,서울특별시 성북구,성북구
53,4115000000,경기도 의정부시,의정부시
54,4113500000,경기도 성남시 분당구,성남시 분당구
55,4715000000,경상북도 김천시,김천시
56,1135000000,서울특별시 노원구,노원구
57,4687000000,전라남도 영광군,영광군
58,4889000000,경상남도 합천군,합천군
59,4831000000,경상남도 거제시,거제시
60,4872000000,경상남도 의령군,의령군
61,4111300000,경기도 수원시 권선구,수원시 권선구
62,4111000000,경기도 수원시,수원시
63,4873000000,경상남도 함안군,함안군
64,4874000000,경상남도 창녕군,창녕군
65,4776000000,경상북도 영양군,영양군
66,4777000000,경상북도 영덕군,영덕군
67,4775000000,경상북도 청송군,청송군
68,4773000000,경상북도 의성군,의성군
69,4717000000,경상북도 안동시,안동시
70,2911000000,광주광역시 동구,동구
71,4372000000,충청북도 보은군,보은군
72,4111100000,경기도 수원시 장안구,수원시 장안구
73,4418000000,충청남도 보령시,보령시
74,4374000000,충청북도 영동군,영동군
75,2914000000,광주광역시 서구,서구
76,4375000000,충청북도 진천군,진천군
77,4600000000,전라남도,전라남도
78,4377000000,충청북도 음성군,음성군
79,2872000000,인천광역시 옹진군,옹진군
80,4471000000,충청남도 금산군,금산군
81,4182000000,경기도 가평군,가평군
82,4691000000,전라남도 신안군,신안군
83,4413000000,충청남도 천안시,천안시
84,4420000000,충청남도 아산시,아산시
85,4376000000,충청북도 괴산군,괴산군
86,4784000000,경상북도 성주군,성주군
87,2900000000,광주광역시,광주광역시
88,2820000000,인천광역시 남동구,남동구
89,4183000000,경기도 양평군,양평군
90,4477000000,충청남도 서천군,서천군
91,4315000000,충청북도 제천시,제천시
92,4481000000,충청남도 예산군,예산군
93,4143000000,경기도 의왕시,의왕시
94,2729000000,대구광역시 달서구,달서구
95,4790000000,경상북도 예천군,예천군
96,2723000000,대구광역시 북구,북구
97,3020000000,대전광역시 유성구,유성구
98,1174000000,서울특별시 강동구,강동구
99,2626000000,부산광역시 동래구,동래구
100,4713000000,경상북도 경주시,경주시
101,4794000000,경상북도 울릉군,울릉군
102,3100000000,울산광역시,울산광역시
103,3111000000,울산광역시 중구,중구
104,2700000000,대구광역시,대구광역시
105,2818500000,인천광역시 연수구,연수구
106,2726000000,대구광역시 수성구,수성구
107,4827000000,경상남도 밀양시,밀양시
108,1168000000,서울특별시 강남구,강남구
109,2811000000,인천광역시 중구,중구
110,4885000000,경상남도 하동군,하동군
111,4783000000,경상북도 고령군,고령군
112,2920000000,광주광역시 광산구,광산구
113,4886000000,경상남도 산청군,산청군
114,4800000000,경상남도,경상남도
115,2629000000,부산광역시 남구,남구
116,4180000000,경기도 연천군,연천군
117,2641000000,부산광역시 금정구,금정구
118,2635000000,부산광역시 해운대구,해운대구
119,2623000000,부산광역시 부산진구,부산진구
120,2915500000,광주광역시 남구,남구
121,3023000000,대전광역시 대덕구,대덕구
122,2714000000,대구광역시 동구,동구
123,2824500000,인천광역시 계양구,계양구
124,4111500000,경기도 수원시 팔달구,수원시 팔달구
125,4137000000,경기도 오산시,오산시
126,4157000000,경기도 김포시,김포시
127,4729000000,경상북도 경산시,경산시
128,2638000000,부산광역시 사하구,사하구
129,4689000000,전라남도 완도군,완도군
130,4782000000,경상북도 청도군,청도군
131,2800000000,인천광역시,인천광역시
132,4145000000,경기도 하남시,하남시
133,4150000000,경기도 이천시,이천시
134,4680000000,전라남도 장흥군,장흥군
135,2823700000,인천광역시 부평구,부평구
136,4833000000,경상남도 양산시,양산시
137,4688000000,전라남도 장성군,장성군
138,4479000000,충청남도 청양군,청양군
139,4792000000,경상북도 봉화군,봉화군
140,4136000000,경기도 남양주시,남양주시
141,4129000000,경기도 과천시,과천시
142,4127300000,경기도 안산시 단원구,안산시 단원구
143,2771000000,대구광역시 달성군,달성군
144,4822000000,경상남도 통영시,통영시
145,2614000000,부산광역시 서구,서구
146,3171000000,울산광역시 울주군,울주군
147,3117000000,울산광역시 동구,동구
148,4887000000,경상남도 함양군,함양군
149,4380000000,충청북도 단양군,단양군
150,2711000000,대구광역시 중구,중구
151,1141000000,서울특별시 서대문구,서대문구
152,4793000000,경상북도 울진군,울진군
153,4131000000,경기도 구리시,구리시
154,4671000000,전라남도 담양군,담양군
155,1159000000,서울특별시 동작구,동작구
156,4148000000,경기도 파주시,파주시
157,4825000000,경상남도 김해시,김해시
158,4374500000,충청북도 증평군,증평군
159,4884000000,경상남도 남해군,남해군
160,3114000000,울산광역시 남구,남구
161,1153000000,서울특별시 구로구,구로구
162,4684000000,전라남도 무안군,무안군
163,4128100000,경기도 고양시 덕양구,고양시 덕양구
164,2650000000,부산광역시 수영구,수영구
165,4127100000,경기도 안산시 상록구,안산시 상록구
166,4711000000,경상북도 포항시,포항시
167,4139000000,경기도 시흥시,시흥시
168,2632000000,부산광역시 북구,북구
169,3120000000,울산광역시 북구,북구
170,2717000000,대구광역시 서구,서구
171,2720000000,대구광역시 남구,남구
172,4623000000,전라남도 광양시,광양시
173,4700000000,경상북도,경상북도
174,4690000000,전라남도 진도군,진도군
175,4682000000,전라남도 해남군,해남군
176,4711100000,경상북도 포항시 남구,포항시 남구
177,4121000000,경기도 광명시,광명시
178,4480000000,충청남도 홍성군,홍성군
179,4400000000,충청남도,충청남도
180,4686000000,전라남도 함평군,함평군
181,4141000000,경기도 군포시,군포시
182,4683000000,전라남도 영암군,영암군
183,4127000000,경기도 안산시,안산시
184,4482500000,충청남도 태안군,태안군
185,3000000000,대전광역시,대전광역시
186,4672000000,전라남도 곡성군,곡성군
187,4617000000,전라남도 나주시,나주시
188,4681000000,전라남도 강진군,강진군
189,4615000000,전라남도 순천시,순천시
190,4785000000,경상북도 칠곡군,칠곡군
191,4611000000,전라남도 목포시,목포시
192,4415000000,충청남도 공주시,공주시
193,4161000000,경기도 광주시,광주시
194,4311000000,충청북도 청주시,청주시
195,4425000000,충청남도 계룡시,계룡시
196,4163000000,경기도 양주시,양주시
197,4812300000,경상남도 창원시 성산구,창원시 성산구
198,1165000000,서울특별시 서초구,서초구
199,4812700000,경상남도 창원시 마산회원구,창원시 마산회원구
200,3611000000,세종특별자치시,세종특별자치시
201,4311100000,충청북도 청주시 상당구,청주시 상당구
202,4111700000,경기도 수원시 영통구,수원시 영통구
203,1123000000,서울특별시 동대문구,동대문구
204,1171000000,서울특별시 송파구,송파구
205,1156000000,서울특별시 영등포구,영등포구
206,4311200000,충청북도 청주시 서원구,청주시 서원구
207,4311300000,충청북도 청주시 흥덕구,청주시 흥덕구
208,4812900000,경상남도 창원시 진해구,창원시 진해구
209,4311400000,충청북도 청주시 청원구,청주시 청원구
210,5100000000,강원특별자치도,강원특별자치도
211,5111000000,강원특별자치도 춘천시,춘천시
212,2917000000,광주광역시 북구,북구
213,1138000000,서울특별시 은평구,은평구
214,4413300000,충청남도 천안시 서북구,천안시 서북구
215,2817700000,인천광역시 미추홀구,미추홀구
216,2826000000,인천광역시 서구,서구
217,4812000000,경상남도 창원시,창원시
218,4812100000,경상남도 창원시 의창구,창원시 의창구
219,4167000000,경기도 여주시,여주시
220,5013000000,제주특별자치도 서귀포시,서귀포시
221,4812500000,경상남도 창원시 마산합포구,창원시 마산합포구
222,4427000000,충청남도 당진시,당진시
223,4677000000,전라남도 고흥군,고흥군
224,4413100000,충청남도 천안시 동남구,천안시 동남구
225,5000000000,제주특별자치도,제주특별자치도
226,5011000000,제주특별자치도 제주시,제주시
227,4146100000,경기도 용인시 처인구,용인시 처인구
228,4128500000,경기도 고양시 일산동구,고양시 일산동구
229,4146500000,경기도 용인시 수지구,용인시 수지구
230,4673000000,전라남도 구례군,구례군
231,4146300000,경기도 용인시 기흥구,용인시 기흥구
232,2814000000,인천광역시 동구,동구
233,4888000000,경상남도 거창군,거창군
234,4128700000,경기도 고양시 일산서구,고양시 일산서구
235,4113300000,경기도 성남시 중원구,성남시 중원구
236,4165000000,경기도 포천시,포천시
237,2871000000,인천광역시 강화군,강화군
238,4113000000,경기도 성남시,성남시
239,4125000000,경기도 동두천시,동두천시
240,4146000000,경기도 용인시,용인시
241,4155000000,경기도 안성시,안성시
242,5177000000,강원특별자치도 정선군,정선군
243,2772000000,대구광역시 군위군,군위군
244,5178000000,강원특별자치도 철원군,철원군
245,5271000000,전북특별자치도 완주군,완주군
246,5280000000,전북특별자치도 부안군,부안군
247,5182000000,강원특별자치도 고성군,고성군
248,5183000000,강원특별자치도 양양군,양양군
249,5173000000,강원특별자치도 횡성군,횡성군
250,5200000000,전북특별자치도,전북특별자치도
251,5211000000,전북특별자치도 전주시,전주시
252,5211100000,전북특별자치도 전주시 완산구,전주시 완산구
253,5221000000,전북특별자치도 김제시,김제시
254,5179000000,강원특별자치도 화천군,화천군
255,5180000000,강원특별자치도 양구군,양구군
256,5181000000,강원특별자치도 인제군,인제군
257,5272000000,전북특별자치도 진안군,진안군
258,5113000000,강원특별자치도 원주시,원주시
259,5219000000,전북특별자치도 남원시,남원시
260,5115000000,강원특별자치도 강릉시,강릉시
261,5117000000,강원특별자치도 동해시,동해시
262,5273000000,전북특별자치도 무주군,무주군
263,5119000000,강원특별자치도 태백시,태백시
264,5121000000,강원특별자치도 속초시,속초시
265,5123000000,강원특별자치도 삼척시,삼척시
266,5214000000,전북특별자치도 익산시,익산시
267,5277000000,전북특별자치도 순창군,순창군
268,5172000000,강원특별자치도 홍천군,홍천군
269,5175000000,강원특별자치도 영월군,영월군
270,4119200000,경기도 부천시 원미구,부천시 원미구 
271,4119400000,경기도 부천시 소사구,부천시 소사구 
272,4119600000,경기도 부천시 오정구,부천시 오정구 
273,5279000000,전북특별자치도 고창군,고창군
274,5176000000,강원특별자치도 평창군,평창군
275,5274000000,전북특별자치도 장수군,장수군
276,5275000000,전북특별자치도 임실군,임실군
277,5211300000,전북특별자치도 전주시 덕진구,전주시 덕진구
278,5213000000,전북특별자치도 군산시,군산시
279,5218000000,전북특별자치도 정읍시,정읍시
280,2817000000,인천광역시 남구,남구
